id,first_name,last_name,email,gender,ip_address
1,Skelly,Sproston,ssproston0@wikia.com,Male,112.173.85.92
2,Merla,Otridge,motridge1@simplemachines.org,Female,233.153.189.112
3,Sonia,Rider,srider2@time.com,Female,19.230.10.21
4,Gan,Lafontaine,glafontaine3@paginegialle.it,Male,25.7.212.5
5,Fey,Bruinsma,fbruinsma4@boston.com,Female,51.227.99.18
6,Thorstein,Leftbridge,tleftbridge5@slideshare.net,Male,215.194.185.212
7,Genna,Trayling,gtrayling6@earthlink.net,Female,85.242.156.11
8,Eolanda,Skrzynski,eskrzynski7@ovh.net,Female,51.167.26.19
9,Eden,Brotheridge,ebrotheridge8@adobe.com,Female,181.87.155.42
10,Corbie,Housby,chousby9@flickr.com,Male,42.84.47.150
11,Cordie,Seabridge,cseabridgea@g.co,Female,254.252.166.107
12,Fredek,Bacon,fbaconb@deliciousdays.com,Male,43.172.224.81
13,Arlen,Laboune,alabounec@newsvine.com,Female,144.207.131.175
14,Astra,Sparey,aspareyd@geocities.com,Female,121.166.175.35
15,Inez,Brawson,ibrawsone@bloglines.com,Female,73.239.100.103
16,Langston,Le Marquis,llemarquisf@phoca.cz,Male,254.19.133.70
17,Jackson,Arney,jarneyg@thetimes.co.uk,Male,63.199.141.7
18,Kriste,Blues,kbluesh@baidu.com,Female,114.180.115.153
19,Josee,Puttnam,jputtnami@liveinternet.ru,Female,205.223.41.44
20,Jeralee,Maloney,jmaloneyj@ow.ly,Female,143.80.239.84
21,Kin,Poyser,kpoyserk@illinois.edu,Male,182.46.159.122
22,Fin,Sewall,fsewalll@alexa.com,Male,45.95.62.143
23,Maurise,Adamou,madamoum@who.int,Male,80.164.158.106
24,Laurette,Howcroft,lhowcroftn@netvibes.com,Female,130.158.149.54
25,Dareen,Grain,dgraino@latimes.com,Female,101.49.88.231
26,Clerc,Walkling,cwalklingp@dagondesign.com,Male,241.24.24.111
27,Ken,Forge,kforgeq@bizjournals.com,Male,203.96.199.71
28,Glynis,Genny,ggennyr@earthlink.net,Female,226.112.3.231
29,Nobie,Twinborne,ntwinbornes@bandcamp.com,Male,142.149.233.250
30,Mahmud,Haucke,mhaucket@blog.com,Male,28.21.237.99
31,Dona,Kalderon,dkalderonu@chron.com,Female,56.248.225.118
32,Tani,Simants,tsimantsv@rakuten.co.jp,Female,78.87.49.2
33,Antonie,Baxandall,abaxandallw@stumbleupon.com,Female,196.191.183.102
34,Cassondra,Piegrome,cpiegromex@sakura.ne.jp,Female,4.153.102.24
35,Ebenezer,Swalowe,eswalowey@examiner.com,Male,135.225.61.119
36,Clywd,Speere,cspeerez@usda.gov,Male,83.190.143.14
37,Phyllis,Jonathon,pjonathon10@npr.org,Female,161.180.1.99
38,Caterina,Janatka,cjanatka11@oaic.gov.au,Female,78.9.0.171
39,Ferrell,Stadden,fstadden12@europa.eu,Male,250.137.114.216
40,Frayda,O'Currine,focurrine13@forbes.com,Female,63.18.206.21
41,Bertine,Ketton,bketton14@youtu.be,Female,78.38.240.77
42,Jay,Hause,jhause15@sohu.com,Male,248.77.120.42
43,Bebe,Milbank,bmilbank16@dmoz.org,Female,209.98.38.147
44,Marla,Tallis,mtallis17@mit.edu,Female,51.210.31.60
45,Davina,Ghiraldi,dghiraldi18@cpanel.net,Female,211.133.25.166
46,Starlene,La Batie,slabatie19@wikia.com,Female,145.157.152.52
47,Penn,Bebbington,pbebbington1a@oracle.com,Male,100.247.202.40
48,Giffy,Seys,gseys1b@latimes.com,Male,171.206.223.81
49,Julie,Ruppeli,jruppeli1c@google.es,Female,133.38.8.193
50,Jobye,Fattori,jfattori1d@berkeley.edu,Female,212.83.250.211
51,Rouvin,Palmar,rpalmar1e@acquirethisname.com,Male,181.55.95.59
52,Ekaterina,Ainsby,eainsby1f@berkeley.edu,Female,144.211.35.199
53,Keriann,Baigrie,kbaigrie1g@indiegogo.com,Female,64.99.162.78
54,Luther,Oldred,loldred1h@samsung.com,Male,136.128.214.241
55,Helaine,Sworne,hsworne1i@smh.com.au,Female,6.43.69.141
56,Pascale,Magor,pmagor1j@slideshare.net,Male,22.250.209.49
57,Berny,Giordano,bgiordano1k@jigsy.com,Male,116.120.136.101
58,Dominik,Sherer,dsherer1l@unicef.org,Male,230.8.224.115
59,Mattie,Brunke,mbrunke1m@globo.com,Male,129.191.29.152
60,Penny,Kempshall,pkempshall1n@feedburner.com,Female,114.115.184.9
61,Brew,Teissier,bteissier1o@japanpost.jp,Male,195.59.105.112
62,Adel,Bowmen,abowmen1p@naver.com,Female,204.206.37.227
63,Umeko,Spearing,uspearing1q@cargocollective.com,Female,12.193.33.169
64,Kathi,Petrescu,kpetrescu1r@ebay.com,Female,55.186.222.184
65,Pauletta,Sanpher,psanpher1s@yellowbook.com,Female,251.89.101.255
66,Gene,Hamil,ghamil1t@alibaba.com,Female,197.47.26.149
67,Martha,Dunley,mdunley1u@npr.org,Female,246.177.206.177
68,Horatio,Canet,hcanet1v@parallels.com,Male,86.198.192.55
69,Wolfy,Shilton,wshilton1w@berkeley.edu,Male,122.207.10.136
70,Demetri,Strewther,dstrewther1x@hao123.com,Male,174.155.253.93
71,Isaac,McClune,imcclune1y@amazon.com,Male,204.65.247.255
72,Baldwin,Pellett,bpellett1z@over-blog.com,Male,75.19.234.121
73,Nikolia,Malcolm,nmalcolm20@hp.com,Female,70.179.53.75
74,Guy,Vidloc,gvidloc21@cpanel.net,Male,103.94.161.23
75,Brigg,Woodstock,bwoodstock22@feedburner.com,Male,63.78.251.18
76,Caesar,Episcopi,cepiscopi23@theatlantic.com,Male,21.144.161.211
77,Mycah,Stoade,mstoade24@squidoo.com,Male,33.87.131.204
78,Eleanora,Gable,egable25@sakura.ne.jp,Female,207.172.103.187
79,Starlene,Blazy,sblazy26@chronoengine.com,Female,3.195.77.243
80,Deloris,Nancarrow,dnancarrow27@ask.com,Female,38.247.164.158
81,Daryl,Vanini,dvanini28@hp.com,Female,157.122.15.180
82,Adan,Chasle,achasle29@free.fr,Female,16.35.161.135
83,Pincas,Tarbert,ptarbert2a@usa.gov,Male,216.213.173.145
84,Svend,Riddles,sriddles2b@china.com.cn,Male,115.20.120.16
85,Laurel,Gerraty,lgerraty2c@ocn.ne.jp,Female,253.224.102.154
86,Fonsie,Yacob,fyacob2d@ucsd.edu,Male,30.60.197.95
87,Kingsly,Catherine,kcatherine2e@technorati.com,Male,67.17.92.102
88,Kermit,Gendrich,kgendrich2f@parallels.com,Male,137.157.117.110
89,Bastian,O'Duggan,boduggan2g@qq.com,Male,90.97.27.240
90,Blakelee,Simonsen,bsimonsen2h@pcworld.com,Female,29.125.56.43
91,Piotr,Okie,pokie2i@nifty.com,Male,42.233.53.205
92,Malinde,Northway,mnorthway2j@independent.co.uk,Female,132.103.114.239
93,Jeffrey,Westhoff,jwesthoff2k@goo.gl,Male,180.164.201.190
94,Rosanne,Khrishtafovich,rkhrishtafovich2l@jalbum.net,Female,36.149.96.60
95,Thea,Littlechild,tlittlechild2m@livejournal.com,Female,214.92.9.96
96,Emili,Trubshawe,etrubshawe2n@indiegogo.com,Female,111.49.144.216
97,Lorne,Engeham,lengeham2o@topsy.com,Male,64.42.27.44
98,Jasun,Rose,jrose2p@google.cn,Male,133.158.161.59
99,Orren,O'Deegan,oodeegan2q@yellowbook.com,Male,64.76.56.125
100,Kenyon,Pundy,kpundy2r@blogger.com,Male,138.31.140.246
101,Dinah,Sparling,dsparling2s@delicious.com,Female,203.228.175.132
102,Putnem,Bramhall,pbramhall2t@imageshack.us,Male,202.159.129.17
103,Janek,Short,jshort2u@ox.ac.uk,Male,56.112.119.204
104,Laney,Sollis,lsollis2v@pcworld.com,Female,116.6.140.164
105,Merilee,Berzons,mberzons2w@hugedomains.com,Female,189.99.219.182
106,Lothario,Swatman,lswatman2x@github.io,Male,199.43.163.180
107,Barrie,Upcraft,bupcraft2y@java.com,Female,6.163.50.41
108,Blondie,Forrestill,bforrestill2z@infoseek.co.jp,Female,163.220.44.104
109,Gilles,Brocklehurst,gbrocklehurst30@dedecms.com,Male,22.247.167.25
110,Traci,Divina,tdivina31@webmd.com,Female,245.213.127.71
111,Blondie,Longridge,blongridge32@google.pl,Female,12.39.87.162
112,Sigvard,Scrace,sscrace33@sitemeter.com,Male,94.166.141.39
113,Alaric,Hitzmann,ahitzmann34@quantcast.com,Male,79.171.2.238
114,Roxana,Heffernon,rheffernon35@dailymail.co.uk,Female,81.129.200.165
115,Francisca,Schutter,fschutter36@berkeley.edu,Female,112.183.216.21
116,Stillman,Whitehorn,swhitehorn37@ibm.com,Male,251.0.178.82
117,Thacher,Finlry,tfinlry38@amazon.de,Male,212.88.119.232
118,Candi,Slowly,cslowly39@canalblog.com,Female,173.17.33.111
119,Alysa,De Domenici,adedomenici3a@vistaprint.com,Female,60.200.248.42
120,Hilliary,Castilljo,hcastilljo3b@cocolog-nifty.com,Female,91.174.41.110
121,Robinet,Sivil,rsivil3c@discuz.net,Male,154.198.148.149
122,Filbert,Bestwerthick,fbestwerthick3d@jugem.jp,Male,195.63.156.14
123,Gerry,Beekman,gbeekman3e@adobe.com,Female,234.67.62.79
124,Waldemar,Gley,wgley3f@timesonline.co.uk,Male,24.93.246.175
125,Gale,Merrywether,gmerrywether3g@dmoz.org,Male,199.129.109.143
126,Amelie,Pippard,apippard3h@dot.gov,Female,64.153.254.163
127,Dolf,Latchmore,dlatchmore3i@edublogs.org,Male,218.147.201.206
128,Olivero,Pettegre,opettegre3j@eventbrite.com,Male,184.243.221.241
129,Desi,Coulthart,dcoulthart3k@nyu.edu,Male,8.201.174.83
130,Dina,Seer,dseer3l@163.com,Female,18.98.130.156
131,Nickolas,Mallan,nmallan3m@flickr.com,Male,31.27.235.179
132,Harold,Pendred,hpendred3n@ycombinator.com,Male,194.31.161.229
133,Adda,Duce,aduce3o@prweb.com,Female,131.245.238.171
134,Benedikta,O'Ferris,boferris3p@slashdot.org,Female,98.130.2.112
135,Allx,Shouler,ashouler3q@jugem.jp,Female,219.213.242.246
136,Rafa,Miranda,rmiranda3r@msn.com,Female,123.233.31.202
137,Quill,Bleakman,qbleakman3s@domainmarket.com,Male,159.234.192.87
138,Marysa,Sapsed,msapsed3t@globo.com,Female,14.142.84.33
139,Blake,Glencross,bglencross3u@youku.com,Female,155.251.161.105
140,Angeli,Mooney,amooney3v@microsoft.com,Male,141.66.221.85
141,Manolo,Hedman,mhedman3w@exblog.jp,Male,184.153.193.179
142,Laurette,Templeman,ltempleman3x@wufoo.com,Female,141.87.182.153
143,Charlotte,McKinlay,cmckinlay3y@huffingtonpost.com,Female,68.22.36.227
144,Elinore,Block,eblock3z@nsw.gov.au,Female,138.253.220.97
145,Aidan,Greenrod,agreenrod40@ucoz.com,Female,3.26.195.40
146,Junina,Emes,jemes41@example.com,Female,35.174.239.134
147,Beret,Wixon,bwixon42@who.int,Female,254.69.105.202
148,Teddie,Cleve,tcleve43@mtv.com,Female,109.216.107.4
149,Bertie,Postin,bpostin44@printfriendly.com,Male,254.158.50.96
150,Eal,Golley,egolley45@4shared.com,Male,126.49.132.196
151,Corrinne,Hedingham,chedingham46@dell.com,Female,105.157.42.4
152,Irvine,Seabrocke,iseabrocke47@noaa.gov,Male,249.141.248.62
153,Shayne,Winterflood,swinterflood48@nyu.edu,Male,155.83.60.72
154,Vaughan,Scirman,vscirman49@un.org,Male,59.155.157.21
155,Hugibert,Goodale,hgoodale4a@army.mil,Male,43.66.232.229
156,Patrice,Laurenson,plaurenson4b@globo.com,Female,241.120.113.115
157,Maggie,Pocknell,mpocknell4c@devhub.com,Female,166.19.115.185
158,Derron,Weight,dweight4d@icq.com,Male,135.79.13.60
159,Herschel,MacMaster,hmacmaster4e@ihg.com,Male,18.231.53.164
160,Gawen,Phythien,gphythien4f@deviantart.com,Male,93.65.250.90
161,Mady,Dand,mdand4g@infoseek.co.jp,Female,104.150.123.84
162,Bren,Pettican,bpettican4h@furl.net,Male,198.148.108.250
163,Rhonda,Sherrocks,rsherrocks4i@twitpic.com,Female,128.121.251.134
164,Robinia,Borsnall,rborsnall4j@simplemachines.org,Female,53.138.208.26
165,Verna,Tranmer,vtranmer4k@cloudflare.com,Female,31.109.145.77
166,Rhoda,Conigsby,rconigsby4l@cbsnews.com,Female,117.26.215.248
167,Gabey,Gypson,ggypson4m@ebay.co.uk,Female,92.65.16.11
168,Nicola,Umpleby,numpleby4n@printfriendly.com,Male,251.3.152.126
169,Celina,Blewis,cblewis4o@webnode.com,Female,67.87.100.60
170,Jonis,Verling,jverling4p@facebook.com,Female,32.154.249.176
171,Reese,Matas,rmatas4q@scientificamerican.com,Male,135.72.194.214
172,Arnaldo,McLenahan,amclenahan4r@cyberchimps.com,Male,191.142.212.179
173,Willard,Vaz,wvaz4s@hostgator.com,Male,203.64.141.162
174,Edna,Cromer,ecromer4t@vk.com,Female,84.77.127.167
175,Tobiah,Greve,tgreve4u@smh.com.au,Male,200.130.209.32
176,Lilly,Throssell,lthrossell4v@storify.com,Female,227.133.61.38
177,Bailie,Oakwell,boakwell4w@noaa.gov,Male,90.188.17.186
178,Laverne,Gunn,lgunn4x@aboutads.info,Female,228.71.108.220
179,Chuck,O'Towey,cotowey4y@businessweek.com,Male,175.55.37.237
180,Ree,Ertelt,rertelt4z@thetimes.co.uk,Female,226.188.219.181
181,Jobie,Patrone,jpatrone50@google.com.br,Female,31.24.163.239
182,Krystle,Medland,kmedland51@umn.edu,Female,60.182.220.64
183,Claudianus,Slany,cslany52@cocolog-nifty.com,Male,70.177.93.120
184,Elke,Posselow,eposselow53@google.fr,Female,50.165.255.54
185,Vernen,Falconar,vfalconar54@theguardian.com,Male,92.102.187.218
186,Niko,Capstaff,ncapstaff55@netlog.com,Male,92.116.76.199
187,Erminie,McGeever,emcgeever56@instagram.com,Female,181.250.121.229
188,Henderson,Le Lievre,hlelievre57@wp.com,Male,59.243.112.232
189,Vladamir,Crewes,vcrewes58@illinois.edu,Male,60.63.190.136
190,Freedman,Stebbin,fstebbin59@senate.gov,Male,74.75.117.123
191,Wallis,Trahear,wtrahear5a@reverbnation.com,Male,58.236.103.243
192,Joaquin,Calderon,jcalderon5b@cyberchimps.com,Male,83.201.63.14
193,Gwenette,Gooddy,ggooddy5c@imageshack.us,Female,132.189.199.210
194,Hirsch,Tweedy,htweedy5d@wikipedia.org,Male,223.126.17.145
195,Birgit,Stonbridge,bstonbridge5e@google.nl,Female,45.244.1.15
196,Rafaelia,Docket,rdocket5f@fda.gov,Female,36.220.24.235
197,Allyn,Henfre,ahenfre5g@webeden.co.uk,Male,151.117.246.214
198,Jarred,Matura,jmatura5h@mozilla.org,Male,248.110.3.243
199,Blinnie,Hynd,bhynd5i@shop-pro.jp,Female,2.26.35.75
200,Gussy,Scally,gscally5j@techcrunch.com,Female,191.214.41.126
201,Bent,Tregenza,btregenza5k@desdev.cn,Male,166.113.248.76
202,Shannen,Charlotte,scharlotte5l@psu.edu,Female,108.97.237.245
203,Robinetta,Duplain,rduplain5m@trellian.com,Female,37.203.224.222
204,Marlow,Daintree,mdaintree5n@github.io,Male,68.117.49.21
205,Christoforo,Buttress,cbuttress5o@boston.com,Male,147.197.91.112
206,Agosto,Dunston,adunston5p@smugmug.com,Male,190.235.136.255
207,Beitris,Burwood,bburwood5q@tripod.com,Female,116.12.110.132
208,Brynna,Hundall,bhundall5r@adobe.com,Female,230.164.67.59
209,Darline,Ondracek,dondracek5s@msn.com,Female,191.175.81.251
210,Lotte,Scorthorne,lscorthorne5t@yellowpages.com,Female,174.19.89.179
211,Stinky,Crumbleholme,scrumbleholme5u@topsy.com,Male,4.150.11.42
212,Duffie,Menere,dmenere5v@naver.com,Male,248.106.209.2
213,Ranique,Doulden,rdoulden5w@sfgate.com,Female,210.42.29.188
214,Gabriell,Marages,gmarages5x@oracle.com,Female,99.237.216.214
215,Esteban,Corkish,ecorkish5y@vkontakte.ru,Male,168.143.33.53
216,Rich,Seedull,rseedull5z@flickr.com,Male,64.245.92.108
217,Hercule,Brundale,hbrundale60@usgs.gov,Male,16.131.212.66
218,Dell,Fields,dfields61@istockphoto.com,Female,154.47.211.64
219,Kelsey,D'Aguanno,kdaguanno62@unesco.org,Male,25.198.236.113
220,Terrell,Meneer,tmeneer63@mozilla.org,Male,35.159.70.50
221,Ainslie,Florey,aflorey64@dailymail.co.uk,Female,111.114.55.202
222,Lonna,Beatens,lbeatens65@thetimes.co.uk,Female,86.135.70.147
223,Henrietta,Durante,hdurante66@hexun.com,Female,209.59.243.83
224,Quintin,Arondel,qarondel67@bandcamp.com,Male,221.34.62.0
225,Tymothy,Lamcken,tlamcken68@ustream.tv,Male,237.194.151.201
226,Florinda,Haxell,fhaxell69@scientificamerican.com,Female,238.18.181.124
227,Hilliard,Divill,hdivill6a@salon.com,Male,234.106.221.22
228,Binky,Sprigin,bsprigin6b@github.io,Male,161.40.209.4
229,Finlay,Lucien,flucien6c@google.co.uk,Male,215.221.94.186
230,Geoffry,Mannin,gmannin6d@deviantart.com,Male,162.225.229.243
231,Ranna,Race,rrace6e@comsenz.com,Female,96.30.250.181
232,Danya,Cubin,dcubin6f@disqus.com,Female,150.158.12.163
233,Duff,Radband,dradband6g@typepad.com,Male,51.218.215.193
234,Francois,Alexsandrowicz,falexsandrowicz6h@hc360.com,Male,208.151.6.132
235,Kissee,Waterstone,kwaterstone6i@twitpic.com,Female,91.193.38.199
236,Tania,Tettersell,ttettersell6j@furl.net,Female,115.106.217.155
237,Estrella,Karolyi,ekarolyi6k@wordpress.com,Female,71.240.114.92
238,Ric,Lindop,rlindop6l@yelp.com,Male,143.124.125.178
239,Rustin,Cokayne,rcokayne6m@canalblog.com,Male,116.87.101.66
240,Simon,Swanton,sswanton6n@mapy.cz,Male,54.56.220.172
241,Bettye,Broske,bbroske6o@java.com,Female,112.235.175.47
242,Ginnifer,Waterfield,gwaterfield6p@utexas.edu,Female,84.18.71.182
243,Hildegaard,Ragat,hragat6q@google.es,Female,38.141.154.197
244,Karee,Savaage,ksavaage6r@harvard.edu,Female,227.146.65.107
245,Brook,Lambotin,blambotin6s@youku.com,Female,193.72.119.100
246,Loren,Kmietsch,lkmietsch6t@is.gd,Female,29.123.43.246
247,Stefano,Hazelden,shazelden6u@cdc.gov,Male,106.88.186.49
248,Lela,Waple,lwaple6v@businesswire.com,Female,26.142.187.204
249,Susannah,Sivell,ssivell6w@a8.net,Female,174.209.127.77
250,Wylie,Beckhouse,wbeckhouse6x@stanford.edu,Male,57.194.115.137
251,Jefferson,Strangeway,jstrangeway6y@economist.com,Male,222.223.221.32
252,Jamaal,Halbord,jhalbord6z@dedecms.com,Male,91.253.165.97
253,Gavin,Jersch,gjersch70@rambler.ru,Male,185.206.252.79
254,Jacinthe,Murphey,jmurphey71@state.tx.us,Female,186.54.223.69
255,Cyril,Sigward,csigward72@wikimedia.org,Male,64.17.68.86
256,Laverne,Bondesen,lbondesen73@amazon.co.uk,Female,54.157.138.61
257,Pollyanna,Lohan,plohan74@scribd.com,Female,181.52.80.2
258,Abagail,Pincked,apincked75@prweb.com,Female,173.73.65.116
259,Hill,Elderton,helderton76@nytimes.com,Male,149.225.62.136
260,Zea,Kingsly,zkingsly77@uiuc.edu,Female,139.193.39.187
261,Rosco,Genever,rgenever78@de.vu,Male,164.175.223.146
262,Enriqueta,Lazenby,elazenby79@theatlantic.com,Female,43.248.51.0
263,Xenia,Feldfisher,xfeldfisher7a@about.com,Female,145.94.169.171
264,Blakeley,Crocumbe,bcrocumbe7b@jugem.jp,Female,120.172.188.231
265,Augustine,D'Ambrosi,adambrosi7c@theglobeandmail.com,Female,4.73.3.187
266,Palm,Szachniewicz,pszachniewicz7d@yelp.com,Male,26.194.185.120
267,Osborn,Neachell,oneachell7e@shutterfly.com,Male,8.50.22.107
268,Edsel,Hutchens,ehutchens7f@miitbeian.gov.cn,Male,69.173.242.204
269,Alphard,Kleinpeltz,akleinpeltz7g@uiuc.edu,Male,173.88.220.97
270,Mordy,Scoullar,mscoullar7h@barnesandnoble.com,Male,133.88.154.165
271,Ruthe,Bicheno,rbicheno7i@hao123.com,Female,221.89.124.26
272,Emmerich,Ciobutaru,eciobutaru7j@sun.com,Male,132.197.39.192
273,Kermit,Leere,kleere7k@ucla.edu,Male,37.134.18.37
274,King,Broggelli,kbroggelli7l@gnu.org,Male,23.77.94.151
275,Codie,Devennie,cdevennie7m@webnode.com,Male,238.90.240.156
276,Bogart,Parradye,bparradye7n@ameblo.jp,Male,110.20.93.93
277,Lonnie,Esparza,lesparza7o@hc360.com,Female,70.227.124.119
278,Ardisj,Ronchetti,aronchetti7p@tuttocitta.it,Female,243.45.117.225
279,Francklyn,Chatters,fchatters7q@google.cn,Male,183.91.177.20
280,Barron,Doohey,bdoohey7r@miibeian.gov.cn,Male,82.73.170.31
281,Stanwood,Ellingsworth,sellingsworth7s@cisco.com,Male,95.170.104.186
282,Lucius,Dabnot,ldabnot7t@hao123.com,Male,160.1.233.79
283,Yul,Sexti,ysexti7u@123-reg.co.uk,Male,205.222.254.213
284,Dame,Strettell,dstrettell7v@nationalgeographic.com,Male,232.122.143.75
285,Giulio,Spiers,gspiers7w@indiegogo.com,Male,24.176.158.212
286,Inglis,Scartifield,iscartifield7x@nsw.gov.au,Male,156.185.201.44
287,Adrien,Deaconson,adeaconson7y@163.com,Male,115.46.149.79
288,Audry,Bernardon,abernardon7z@parallels.com,Female,69.185.239.82
289,Madeline,Meininking,mmeininking80@ustream.tv,Female,161.165.121.132
290,Tuesday,Plunket,tplunket81@msn.com,Female,151.26.62.107
291,Carolee,Benallack,cbenallack82@arizona.edu,Female,138.219.161.239
292,Sandor,Rugge,srugge83@newyorker.com,Male,178.46.66.186
293,Kimberly,Shafier,kshafier84@tinypic.com,Female,217.251.178.30
294,Bern,Churly,bchurly85@unblog.fr,Male,111.236.176.233
295,Chance,Hubback,chubback86@indiegogo.com,Male,62.11.75.227
296,Ruggiero,Ofener,rofener87@noaa.gov,Male,199.5.49.82
297,Juliette,Mattheus,jmattheus88@intel.com,Female,53.4.59.38
298,Manuel,Cooch,mcooch89@gmpg.org,Male,214.48.40.210
299,Olvan,Mogey,omogey8a@squarespace.com,Male,210.242.16.127
300,Ruthy,Butchers,rbutchers8b@csmonitor.com,Female,165.26.221.32
301,Ema,Vollam,evollam8c@360.cn,Female,60.68.14.7
302,Bret,O'Lunny,bolunny8d@yandex.ru,Male,83.131.103.58
303,Raf,Graveney,rgraveney8e@bigcartel.com,Female,103.117.71.164
304,Bobbee,Brightie,bbrightie8f@aol.com,Female,88.170.22.149
305,Monique,Simpole,msimpole8g@pagesperso-orange.fr,Female,22.121.111.227
306,Warren,Newall,wnewall8h@hp.com,Male,151.225.209.2
307,Kelby,Filipponi,kfilipponi8i@pen.io,Male,111.206.221.186
308,Dame,Bradder,dbradder8j@go.com,Male,139.99.195.162
309,Benedikt,Hubball,bhubball8k@cdc.gov,Male,102.20.117.140
310,Darnell,Skydall,dskydall8l@example.com,Male,65.189.90.89
311,Timmie,Lamonby,tlamonby8m@omniture.com,Female,73.61.226.46
312,Asher,Carryer,acarryer8n@walmart.com,Male,207.150.250.88
313,Zoe,Gerred,zgerred8o@nymag.com,Female,72.75.131.173
314,Sherwin,Farthin,sfarthin8p@imgur.com,Male,140.10.48.136
315,Therese,Hustler,thustler8q@mysql.com,Female,226.170.160.139
316,Bay,Yellep,byellep8r@buzzfeed.com,Male,135.32.232.75
317,Bill,Haselhurst,bhaselhurst8s@bravesites.com,Male,163.0.109.221
318,Mariejeanne,Martin,mmartin8t@zdnet.com,Female,83.122.182.203
319,Culver,Snelson,csnelson8u@abc.net.au,Male,183.161.184.158
320,Cliff,Cutten,ccutten8v@dropbox.com,Male,91.168.135.85
321,Jeremias,Dickerline,jdickerline8w@who.int,Male,66.83.106.100
322,Krystyna,McVey,kmcvey8x@patch.com,Female,51.43.176.213
323,Bianca,Coners,bconers8y@nytimes.com,Female,76.90.175.37
324,Charmian,Gowry,cgowry8z@stanford.edu,Female,50.10.69.174
325,Nicol,Pigeram,npigeram90@imageshack.us,Male,205.183.129.136
326,Gunilla,Grosvenor,ggrosvenor91@tinypic.com,Female,52.95.45.251
327,Karee,Maffetti,kmaffetti92@pbs.org,Female,252.19.32.14
328,Patsy,Randall,prandall93@toplist.cz,Male,161.132.239.16
329,Theadora,Wrought,twrought94@storify.com,Female,93.106.47.180
330,Sigfrid,Episcopio,sepiscopio95@delicious.com,Male,45.102.78.148
331,Anatola,Garth,agarth96@pbs.org,Female,36.11.149.21
332,Elliott,Sor,esor97@webeden.co.uk,Male,195.41.106.7
333,Denis,Tippin,dtippin98@mac.com,Male,197.120.251.35
334,Hendrika,Henlon,hhenlon99@stumbleupon.com,Female,149.9.179.158
335,Claribel,Milmoe,cmilmoe9a@blogger.com,Female,64.167.104.84
336,Sumner,Nouch,snouch9b@ameblo.jp,Male,153.109.105.191
337,Quent,Kurtis,qkurtis9c@cbslocal.com,Male,124.82.189.164
338,Selestina,Hickinbottom,shickinbottom9d@bloglines.com,Female,199.43.134.13
339,Rosemarie,Truluck,rtruluck9e@buzzfeed.com,Female,247.251.137.86
340,Willdon,Prandini,wprandini9f@discovery.com,Male,242.226.96.250
341,Genna,Shepley,gshepley9g@cnbc.com,Female,113.82.66.68
342,Bren,Luckcuck,bluckcuck9h@w3.org,Male,146.17.138.196
343,Marshal,Gallehawk,mgallehawk9i@oracle.com,Male,230.249.121.49
344,Martyn,McQuorkell,mmcquorkell9j@nytimes.com,Male,97.154.102.124
345,Haydon,Mainds,hmainds9k@ning.com,Male,170.141.244.234
346,Damara,Jacobovitch,djacobovitch9l@cloudflare.com,Female,203.138.253.112
347,Deeanne,Yukhov,dyukhov9m@netvibes.com,Female,214.235.249.182
348,Ben,Keynes,bkeynes9n@hp.com,Male,126.104.253.86
349,Dalis,Papachristophorou,dpapachristophorou9o@ucoz.com,Male,159.230.152.194
350,Tonie,Fitzhenry,tfitzhenry9p@mlb.com,Female,201.128.224.186
351,Anabel,Kik,akik9q@wp.com,Female,249.120.185.144
352,Wendel,Landsberg,wlandsberg9r@state.gov,Male,20.107.60.138
353,Natasha,Carlos,ncarlos9s@intel.com,Female,92.184.48.186
354,Flem,Troth,ftroth9t@pinterest.com,Male,194.4.0.153
355,Kirby,Crimmins,kcrimmins9u@pinterest.com,Female,91.210.123.224
356,Dmitri,Puzey,dpuzey9v@ezinearticles.com,Male,159.2.175.91
357,Theobald,Dillingham,tdillingham9w@desdev.cn,Male,99.90.113.205
358,Amata,Harner,aharner9x@liveinternet.ru,Female,96.33.74.16
359,Lyssa,Rumble,lrumble9y@bigcartel.com,Female,106.157.203.104
360,Kaitlynn,Galletly,kgalletly9z@dmoz.org,Female,220.251.53.249
361,Danny,McCoughan,dmccoughana0@dedecms.com,Male,24.246.167.170
362,Jacobo,Pioli,jpiolia1@github.io,Male,122.204.34.172
363,Erna,MacNab,emacnaba2@123-reg.co.uk,Female,156.158.245.255
364,Pammie,Tully,ptullya3@accuweather.com,Female,132.179.197.168
365,Derek,Ellens,dellensa4@wired.com,Male,124.89.205.13
366,Den,Toller,dtollera5@soundcloud.com,Male,77.220.244.252
367,Giacobo,Hicks,ghicksa6@joomla.org,Male,129.100.13.79
368,Nannie,Garrish,ngarrisha7@devhub.com,Female,86.153.79.35
369,Hephzibah,Anney,hanneya8@wikispaces.com,Female,70.221.157.13
370,Wang,Tidmarsh,wtidmarsha9@w3.org,Male,202.2.192.13
371,Mick,Camsey,mcamseyaa@chron.com,Male,239.79.175.245
372,Linn,Klainer,lklainerab@state.tx.us,Female,42.211.89.188
373,Devonna,Lodden,dloddenac@sciencedirect.com,Female,64.109.148.148
374,Eveleen,Morrell,emorrellad@auda.org.au,Female,99.189.114.90
375,Leonora,Crockatt,lcrockattae@godaddy.com,Female,147.14.248.24
376,Currey,Bachmann,cbachmannaf@artisteer.com,Male,236.110.202.65
377,Dorena,Abbs,dabbsag@github.io,Female,175.208.29.209
378,Pebrook,Annis,pannisah@vkontakte.ru,Male,244.55.161.191
379,Pia,Maffezzoli,pmaffezzoliai@google.co.uk,Female,242.137.207.201
380,Alfi,Bothams,abothamsaj@webeden.co.uk,Female,176.89.203.208
381,Skye,Smedmoor,ssmedmoorak@pbs.org,Male,7.81.129.204
382,Merola,Brion,mbrional@va.gov,Female,114.76.187.25
383,Cob,Benedick,cbenedickam@archive.org,Male,197.131.75.110
384,Loren,Lestor,llestoran@google.co.uk,Male,27.133.54.50
385,Terza,McCathie,tmccathieao@artisteer.com,Female,187.90.213.154
386,Sean,Jankin,sjankinap@ameblo.jp,Female,190.233.210.169
387,Frederico,Folkerd,ffolkerdaq@bloglines.com,Male,221.229.151.145
388,Liana,Staines,lstainesar@bluehost.com,Female,38.143.95.130
389,Benny,Hosten,bhostenas@clickbank.net,Female,123.244.185.97
390,Wallis,Gammon,wgammonat@nationalgeographic.com,Male,14.215.196.242
391,Lancelot,Oliveira,loliveiraau@cpanel.net,Male,32.91.7.162
392,Tilly,Scurrell,tscurrellav@networksolutions.com,Female,130.90.229.44
393,Alexio,Lowater,alowateraw@omniture.com,Male,118.47.111.234
394,Gianina,Toghill,gtoghillax@addtoany.com,Female,238.40.255.193
395,Fax,South,fsouthay@tmall.com,Male,182.95.85.187
396,Caritta,Mattei,cmatteiaz@huffingtonpost.com,Female,23.100.231.235
397,Templeton,Haldin,thaldinb0@google.com.au,Male,39.50.106.35
398,Yardley,Grizard,ygrizardb1@biglobe.ne.jp,Male,148.117.236.248
399,Eileen,O'Sheilds,eosheildsb2@g.co,Female,115.167.252.211
400,Mathian,Whinray,mwhinrayb3@mtv.com,Male,15.55.34.210
401,Ethelred,Calleja,ecallejab4@w3.org,Male,101.124.76.118
402,Arluene,Carlisle,acarlisleb5@blogger.com,Female,11.202.205.249
403,Filmer,Blasl,fblaslb6@home.pl,Male,70.225.226.248
404,Aleta,Smiths,asmithsb7@shareasale.com,Female,9.211.21.52
405,Gabi,Shilston,gshilstonb8@sciencedirect.com,Male,113.252.178.14
406,Bonnibelle,Vedeneev,bvedeneevb9@about.me,Female,249.71.239.193
407,Pierson,Goodee,pgoodeeba@loc.gov,Male,51.205.7.139
408,Manuel,Tunnacliffe,mtunnacliffebb@spotify.com,Male,197.89.232.133
409,Thalia,Bourdis,tbourdisbc@time.com,Female,116.188.219.80
410,Arel,Presdie,apresdiebd@shareasale.com,Male,71.49.180.198
411,Coretta,Ondrak,condrakbe@goodreads.com,Female,184.34.203.252
412,Athena,Manser,amanserbf@senate.gov,Female,45.89.43.222
413,Hervey,Attride,hattridebg@mapy.cz,Male,226.75.154.75
414,Shannon,Karpychev,skarpychevbh@webs.com,Male,146.208.249.241
415,Malchy,Bibbie,mbibbiebi@google.co.jp,Male,78.60.243.139
416,Marrissa,Folliott,mfolliottbj@a8.net,Female,182.232.52.73
417,Mirilla,Laville,mlavillebk@deviantart.com,Female,167.130.231.209
418,Dolli,Dowda,ddowdabl@soup.io,Female,46.229.238.127
419,Shoshana,Spatig,sspatigbm@geocities.com,Female,115.13.109.124
420,Kettie,Cloney,kcloneybn@washington.edu,Female,189.31.202.32
421,Dion,Druhan,ddruhanbo@live.com,Female,78.7.189.144
422,Carlotta,Greschik,cgreschikbp@e-recht24.de,Female,193.13.81.28
423,Greggory,Tanguy,gtanguybq@ow.ly,Male,199.176.103.200
424,Kareem,Warlaw,kwarlawbr@upenn.edu,Male,244.247.131.176
425,Reeba,Handrahan,rhandrahanbs@yelp.com,Female,44.251.192.56
426,Cornell,Fackney,cfackneybt@bluehost.com,Male,42.152.148.107
427,Ced,Jecks,cjecksbu@simplemachines.org,Male,193.109.99.57
428,Gunther,Freiburger,gfreiburgerbv@dmoz.org,Male,77.147.143.169
429,Giordano,Toffetto,gtoffettobw@elegantthemes.com,Male,44.6.101.33
430,Caritta,Berecloth,cbereclothbx@disqus.com,Female,13.113.50.188
431,Oralie,Mylechreest,omylechreestby@ameblo.jp,Female,91.217.168.168
432,Eugen,Spaight,espaightbz@linkedin.com,Male,198.198.37.17
433,Felicity,Di Claudio,fdiclaudioc0@goo.ne.jp,Female,169.18.198.242
434,Alistair,MacBean,amacbeanc1@dmoz.org,Male,104.48.105.35
435,Millard,Livesay,mlivesayc2@bandcamp.com,Male,208.125.7.186
436,Camey,Strothers,cstrothersc3@t.co,Male,4.102.104.151
437,Derward,Maudson,dmaudsonc4@fda.gov,Male,190.234.47.41
438,Jennica,Krout,jkroutc5@bloomberg.com,Female,10.244.90.51
439,Mathe,Barnfield,mbarnfieldc6@about.com,Male,233.63.153.219
440,Menard,Giacomini,mgiacominic7@foxnews.com,Male,31.162.128.24
441,Pascal,Mapstone,pmapstonec8@theguardian.com,Male,176.134.146.195
442,Branden,Worsell,bworsellc9@umich.edu,Male,156.102.237.131
443,Lloyd,Jeaneau,ljeaneauca@edublogs.org,Male,240.188.67.181
444,Melba,McKimmey,mmckimmeycb@feedburner.com,Female,213.253.140.80
445,Devina,Muggeridge,dmuggeridgecc@tripod.com,Female,130.186.247.24
446,Scott,Burkert,sburkertcd@imdb.com,Male,222.105.169.186
447,Chloris,Cuckson,ccucksonce@prnewswire.com,Female,123.16.170.27
448,Vikki,Risman,vrismancf@wikia.com,Female,206.247.47.180
449,Brodie,Trighton,btrightoncg@google.com.au,Male,92.147.181.144
450,Ephraim,Silvester,esilvesterch@cafepress.com,Male,153.19.201.113
451,Loralie,O'Flannery,loflanneryci@dagondesign.com,Female,7.11.40.115
452,Bailey,Daws,bdawscj@dot.gov,Male,81.47.202.34
453,Harlan,Lamborn,hlambornck@tumblr.com,Male,232.130.234.178
454,Dorisa,Latliff,dlatliffcl@reddit.com,Female,185.237.193.64
455,Waring,Loadman,wloadmancm@nytimes.com,Male,154.154.151.100
456,Milicent,Arnaez,marnaezcn@wsj.com,Female,153.35.59.141
457,Jeramey,Newton,jnewtonco@smh.com.au,Male,212.245.197.118
458,Brocky,Botterill,bbotterillcp@baidu.com,Male,230.78.189.23
459,Monica,Suttill,msuttillcq@omniture.com,Female,149.132.118.103
460,Kim,Sheers,ksheerscr@bbc.co.uk,Female,89.73.101.62
461,Patton,Marshal,pmarshalcs@arizona.edu,Male,170.88.250.87
462,Doralynn,Brentnall,dbrentnallct@hibu.com,Female,201.186.192.164
463,Ellary,Sponder,espondercu@google.ca,Male,149.182.106.37
464,Aldrich,Yankishin,ayankishincv@goo.gl,Male,28.241.6.127
465,Ginger,Dominka,gdominkacw@cornell.edu,Male,10.201.23.29
466,Mirilla,Murrells,mmurrellscx@geocities.com,Female,166.67.118.200
467,Wallis,Zohrer,wzohrercy@comsenz.com,Male,119.250.234.155
468,Shelby,Latliff,slatliffcz@noaa.gov,Male,47.184.20.95
469,Lindy,Prahm,lprahmd0@1688.com,Male,133.32.50.189
470,Crissy,Tankard,ctankardd1@1688.com,Female,229.62.122.29
471,Orson,Crayker,ocraykerd2@china.com.cn,Male,79.65.220.110
472,Rochell,Warwick,rwarwickd3@devhub.com,Female,164.226.2.198
473,Nani,Donaghy,ndonaghyd4@1688.com,Female,163.229.46.80
474,Jay,Patridge,jpatridged5@xing.com,Male,190.94.234.150
475,Rolando,Gaskill,rgaskilld6@sbwire.com,Male,76.83.99.93
476,Loralee,Hallor,lhallord7@wikia.com,Female,29.199.190.116
477,Brien,Staig,bstaigd8@smh.com.au,Male,255.147.21.76
478,Zed,Balmadier,zbalmadierd9@paginegialle.it,Male,23.228.127.230
479,Frankie,Eisikowitch,feisikowitchda@opensource.org,Female,113.153.0.107
480,Winnifred,Brigdale,wbrigdaledb@goo.ne.jp,Female,253.138.99.235
481,Bidget,Heibel,bheibeldc@goo.gl,Female,61.248.23.122
482,Daphna,Snadden,dsnaddendd@craigslist.org,Female,84.8.227.85
483,Konstance,Knell,kknellde@vkontakte.ru,Female,19.222.31.192
484,Mayer,Ruckhard,mruckharddf@blogspot.com,Male,6.76.45.29
485,Renae,Ervine,rervinedg@google.fr,Female,105.48.119.225
486,Tracy,Kohler,tkohlerdh@goo.gl,Female,22.10.252.244
487,Herculie,Vinick,hvinickdi@php.net,Male,63.152.106.53
488,Winna,Mate,wmatedj@dedecms.com,Female,190.38.154.57
489,Dell,Cossum,dcossumdk@reference.com,Male,43.91.251.12
490,Dorella,Fylan,dfylandl@macromedia.com,Female,224.242.249.29
491,Kirby,Kuhnke,kkuhnkedm@examiner.com,Male,9.101.150.97
492,Diena,Hallahan,dhallahandn@mac.com,Female,157.172.156.186
493,Marika,Van der Kruys,mvanderkruysdo@chron.com,Female,115.118.239.181
494,Marcello,Snalham,msnalhamdp@odnoklassniki.ru,Male,201.117.109.172
495,Masha,Petry,mpetrydq@google.co.uk,Female,254.68.22.104
496,Brittany,Schirach,bschirachdr@epa.gov,Female,102.203.135.113
497,Rick,Tomczykiewicz,rtomczykiewiczds@tiny.cc,Male,48.199.225.90
498,Noe,Hugett,nhugettdt@nature.com,Male,255.186.9.97
499,Adolf,Foxall,afoxalldu@etsy.com,Male,12.115.39.163
500,Lindsay,Matteacci,lmatteaccidv@surveymonkey.com,Male,250.54.163.145
501,Davine,Touzey,dtouzeydw@jalbum.net,Female,196.16.127.139
502,Misha,De-Ville,mdevilledx@wisc.edu,Female,59.91.242.65
503,Jessalyn,Mellers,jmellersdy@4shared.com,Female,3.182.27.156
504,Aksel,Mongenot,amongenotdz@bloomberg.com,Male,252.254.108.51
505,Salomone,Hallwood,shallwoode0@phpbb.com,Male,5.28.160.65
506,Tristan,Bertlin,tbertline1@livejournal.com,Male,218.228.109.253
507,Nikolia,Hatliffe,nhatliffee2@wired.com,Female,94.231.227.31
508,Nev,Oldfield-Cherry,noldfieldcherrye3@tamu.edu,Male,78.227.145.213
509,Casper,Abeau,cabeaue4@addtoany.com,Male,94.110.17.84
510,Torey,Olesen,tolesene5@wisc.edu,Male,111.40.94.32
511,Rori,Dust,rduste6@biglobe.ne.jp,Female,43.235.68.137
512,Cash,Ilson,cilsone7@washingtonpost.com,Male,255.143.29.137
513,Simmonds,Fuggles,sfugglese8@example.com,Male,125.49.74.101
514,Else,Snelle,esnellee9@hugedomains.com,Female,63.196.53.213
515,Reg,Reddick,rreddickea@vkontakte.ru,Male,83.142.203.11
516,Dorian,Seyler,dseylereb@amazon.co.jp,Male,112.45.34.61
517,Gavrielle,Costin,gcostinec@pinterest.com,Female,67.253.186.158
518,Jacqueline,Latimer,jlatimered@unicef.org,Female,192.106.224.55
519,Kasper,Torbard,ktorbardee@cocolog-nifty.com,Male,56.83.193.69
520,Hobard,Natt,hnattef@dyndns.org,Male,171.160.131.185
521,Lorianne,Retchford,lretchfordeg@smh.com.au,Female,139.21.67.35
522,Munmro,MacKay,mmackayeh@so-net.ne.jp,Male,219.192.202.185
523,Shelley,Buckston,sbuckstonei@cnbc.com,Male,119.247.79.26
524,Cirillo,Fennelly,cfennellyej@purevolume.com,Male,131.65.107.73
525,Reg,Davinet,rdavinetek@stanford.edu,Male,211.146.117.20
526,Ewan,Foort,efoortel@microsoft.com,Male,69.158.13.146
527,Rasia,Branno,rbrannoem@slideshare.net,Female,156.120.74.167
528,Sosanna,Duley,sduleyen@sbwire.com,Female,10.83.160.237
529,Alyssa,Scotchmoor,ascotchmooreo@google.es,Female,160.12.171.237
530,Sallie,Bader,sbaderep@toplist.cz,Female,196.2.122.215
531,Dolley,Adolthine,dadolthineeq@parallels.com,Female,16.46.81.30
532,Lanna,Ector,lectorer@storify.com,Female,75.110.23.76
533,Judon,Brownbridge,jbrownbridgees@cmu.edu,Male,228.243.4.242
534,Gleda,Braghini,gbraghiniet@nhs.uk,Female,232.144.18.114
535,Jodi,Arpe,jarpeeu@jimdo.com,Male,216.82.210.25
536,Redd,Jephcote,rjephcoteev@java.com,Male,53.101.53.99
537,Sharon,Raggitt,sraggittew@privacy.gov.au,Female,229.51.250.45
538,Serena,Addenbrooke,saddenbrookeex@shinystat.com,Female,23.214.101.112
539,Jo,Dinsdale,jdinsdaleey@mapy.cz,Male,174.160.232.47
540,Renata,Hartright,rhartrightez@marketwatch.com,Female,115.73.192.25
541,Der,Brevetor,dbrevetorf0@pen.io,Male,6.116.120.107
542,Ida,Pawlick,ipawlickf1@auda.org.au,Female,113.133.149.205
543,Edee,Borge,eborgef2@dyndns.org,Female,142.245.159.180
544,Lorena,Hassett,lhassettf3@fda.gov,Female,80.238.149.178
545,Debora,Volke,dvolkef4@gmpg.org,Female,183.120.174.244
546,Dugald,Rubenfeld,drubenfeldf5@liveinternet.ru,Male,203.248.194.23
547,Elset,Hannaby,ehannabyf6@chron.com,Female,146.46.193.211
548,Andrea,Goligly,agoliglyf7@mapy.cz,Male,214.153.106.171
549,Cull,Wallhead,cwallheadf8@marketwatch.com,Male,220.82.71.201
550,Hillel,Loughman,hloughmanf9@cornell.edu,Male,153.250.250.30
551,Charles,Brandrick,cbrandrickfa@redcross.org,Male,139.2.194.228
552,Shoshana,Fryman,sfrymanfb@wikipedia.org,Female,201.186.31.231
553,Hussein,Olczak,holczakfc@baidu.com,Male,66.61.205.186
554,Lorrie,Kinder,lkinderfd@thetimes.co.uk,Male,255.243.79.132
555,Adler,Gudde,aguddefe@hhs.gov,Male,50.126.94.74
556,Giulio,Tissier,gtissierff@walmart.com,Male,2.156.24.249
557,Karmen,Hammarberg,khammarbergfg@tripod.com,Female,180.16.203.70
558,Adi,Hanfrey,ahanfreyfh@chronoengine.com,Female,13.161.111.95
559,Nertie,Winspeare,nwinspearefi@chicagotribune.com,Female,36.115.49.220
560,Archie,Vannuccini,avannuccinifj@vistaprint.com,Male,217.32.12.132
561,Ellsworth,Toman,etomanfk@qq.com,Male,156.143.4.95
562,Thorpe,Woodwin,twoodwinfl@scribd.com,Male,103.64.157.109
563,Nance,Vahey,nvaheyfm@wiley.com,Female,40.124.10.145
564,Wilden,Stockwell,wstockwellfn@washingtonpost.com,Male,175.235.168.70
565,Gretchen,Ninnis,gninnisfo@trellian.com,Female,171.225.130.90
566,Erma,Gateshill,egateshillfp@fc2.com,Female,140.58.169.61
567,Liam,Gerrad,lgerradfq@last.fm,Male,213.194.104.197
568,Erik,Wicken,ewickenfr@blogtalkradio.com,Male,30.220.202.205
569,Paulo,Croughan,pcroughanfs@ning.com,Male,233.154.19.68
570,Nathan,Fumagalli,nfumagallift@mozilla.org,Male,29.107.18.212
571,Olwen,Tern,oternfu@psu.edu,Female,70.197.52.14
572,Ebony,Bartels-Ellis,ebartelsellisfv@google.com.br,Female,86.179.5.10
573,Nedi,Blasio,nblasiofw@163.com,Female,118.252.143.184
574,Doug,Mergue,dmerguefx@google.co.uk,Male,5.12.100.83
575,Hyatt,Halloway,hhallowayfy@umn.edu,Male,22.75.55.185
576,Reta,Stephens,rstephensfz@ihg.com,Female,81.232.120.172
577,Tiphanie,Zanini,tzaninig0@smh.com.au,Female,198.89.236.60
578,Kettie,Vanne,kvanneg1@ox.ac.uk,Female,189.201.166.4
579,Bancroft,Larkins,blarkinsg2@zdnet.com,Male,109.45.189.17
580,Jefferson,Beddall,jbeddallg3@biglobe.ne.jp,Male,20.180.47.89
581,Stern,Swanborrow,sswanborrowg4@wordpress.org,Male,206.254.68.54
582,Sheilah,Hadden,shaddeng5@reddit.com,Female,146.122.48.178
583,Kamillah,Cauldwell,kcauldwellg6@multiply.com,Female,232.112.4.16
584,Othelia,Sparshett,osparshettg7@wired.com,Female,65.48.144.6
585,Kelby,Foxten,kfoxteng8@umich.edu,Male,86.212.97.176
586,Reagen,Hischke,rhischkeg9@google.nl,Male,134.39.195.141
587,Peirce,Morville,pmorvillega@java.com,Male,208.239.121.173
588,Chane,Gascard,cgascardgb@biglobe.ne.jp,Male,124.12.26.88
589,Amara,Thomsen,athomsengc@shutterfly.com,Female,86.194.42.144
590,Laural,Klimko,lklimkogd@reverbnation.com,Female,171.86.116.250
591,Ethelred,Bundey,ebundeyge@arstechnica.com,Male,95.54.64.220
592,Mireielle,Tither,mtithergf@geocities.jp,Female,55.115.31.60
593,Farlie,Gabbott,fgabbottgg@auda.org.au,Male,64.120.125.163
594,Clotilda,Harmstone,charmstonegh@networksolutions.com,Female,9.198.54.141
595,Viva,MacChaell,vmacchaellgi@prnewswire.com,Female,39.48.92.60
596,Alison,Oxborough,aoxboroughgj@cnbc.com,Female,143.151.36.180
597,Theresita,Jaqueme,tjaquemegk@wordpress.com,Female,1.148.164.25
598,Zorina,McGettigan,zmcgettigangl@wunderground.com,Female,212.123.151.3
599,Matias,Pilpovic,mpilpovicgm@sfgate.com,Male,18.124.215.199
600,Gussie,Petracchi,gpetracchign@feedburner.com,Female,158.128.140.132
601,Ancell,Churchin,achurchingo@soundcloud.com,Male,57.6.83.11
602,Rina,Roffey,rroffeygp@icio.us,Female,209.8.250.85
603,Keith,Urch,kurchgq@t-online.de,Male,163.140.112.208
604,Mort,Pancoust,mpancoustgr@telegraph.co.uk,Male,237.98.39.244
605,Daria,Kevern,dkeverngs@spotify.com,Female,153.186.104.117
606,Kev,Godden,kgoddengt@furl.net,Male,254.214.101.43
607,Sylvia,Vannah,svannahgu@vinaora.com,Female,229.210.111.243
608,Karlie,Daulby,kdaulbygv@studiopress.com,Female,55.20.249.228
609,Emmeline,Marriott,emarriottgw@t-online.de,Female,111.252.153.61
610,Cynde,Haimes,chaimesgx@wunderground.com,Female,136.96.134.197
611,Kurtis,Drackford,kdrackfordgy@discovery.com,Male,50.106.242.195
612,Wilie,Moulden,wmouldengz@ask.com,Female,136.98.120.141
613,Daron,Pooly,dpoolyh0@utexas.edu,Female,186.6.160.54
614,Cass,Barrand,cbarrandh1@360.cn,Male,86.4.86.32
615,Tonia,McSkeagan,tmcskeaganh2@desdev.cn,Female,227.212.159.164
616,Mab,Gotthard,mgotthardh3@usa.gov,Female,84.165.142.228
617,Lorita,Lambert-Ciorwyn,llambertciorwynh4@jugem.jp,Female,33.54.107.42
618,Quinn,Horsewood,qhorsewoodh5@livejournal.com,Female,253.95.149.231
619,Jessee,McGuffog,jmcguffogh6@tiny.cc,Male,82.169.40.46
620,Alfy,Clempton,aclemptonh7@webmd.com,Female,204.4.204.185
621,Shanta,Grimsey,sgrimseyh8@163.com,Female,180.184.67.135
622,Hannie,Simon,hsimonh9@slashdot.org,Female,178.239.72.77
623,Hermia,Maclean,hmacleanha@wisc.edu,Female,98.172.217.183
624,Shelby,Champney,schampneyhb@vimeo.com,Male,50.215.68.27
625,Sascha,Orriss,sorrisshc@icio.us,Female,9.136.1.136
626,Leah,Wyer,lwyerhd@stumbleupon.com,Female,240.6.205.72
627,Wyatan,Lovart,wlovarthe@linkedin.com,Male,119.90.199.45
628,Nady,Sorrill,nsorrillhf@webnode.com,Female,98.233.177.188
629,Jobie,Phidgin,jphidginhg@nydailynews.com,Female,254.228.48.191
630,Norine,Mynott,nmynotthh@mashable.com,Female,136.71.89.236
631,Gussi,Skayman,gskaymanhi@nih.gov,Female,78.73.182.233
632,Finlay,Siveyer,fsiveyerhj@ucsd.edu,Male,160.74.195.188
633,Jessica,Lebbern,jlebbernhk@usgs.gov,Female,7.28.68.207
634,Keelia,Butterworth,kbutterworthhl@cdbaby.com,Female,38.221.81.125
635,Clementius,Rodge,crodgehm@issuu.com,Male,99.27.146.254
636,Darbie,Shivlin,dshivlinhn@irs.gov,Female,233.68.249.146
637,Marie-ann,Gladbeck,mgladbeckho@jalbum.net,Female,140.222.210.202
638,Brittani,Giddy,bgiddyhp@columbia.edu,Female,149.241.29.253
639,Patten,Kerridge,pkerridgehq@gravatar.com,Male,244.157.172.45
640,Frederik,Hagyard,fhagyardhr@slashdot.org,Male,221.75.197.160
641,Dalston,Elfleet,delfleeths@upenn.edu,Male,242.246.171.38
642,Faustina,Collings,fcollingsht@qq.com,Female,102.54.104.4
643,Willyt,Crosland,wcroslandhu@bloglovin.com,Female,42.142.244.71
644,Georgianna,Ingreda,gingredahv@hubpages.com,Female,148.165.62.50
645,Wylma,Favelle,wfavellehw@discuz.net,Female,67.238.241.117
646,Lotte,Ronchetti,lronchettihx@miitbeian.gov.cn,Female,132.36.137.43
647,Garwood,Curtoys,gcurtoyshy@github.io,Male,188.214.79.38
648,Orazio,Breyt,obreythz@dedecms.com,Male,224.45.23.31
649,Roosevelt,Nelius,rneliusi0@pbs.org,Male,157.224.248.246
650,Shalom,Abrahamovitz,sabrahamovitzi1@wisc.edu,Male,237.107.6.175
651,Renault,Emmanueli,remmanuelii2@histats.com,Male,44.251.147.57
652,Alyss,Obin,aobini3@hubpages.com,Female,184.120.57.223
653,Ysabel,Ghidoni,yghidonii4@salon.com,Female,27.122.75.8
654,Clay,Corbie,ccorbiei5@psu.edu,Male,128.74.33.219
655,Lorry,Etteridge,letteridgei6@pagesperso-orange.fr,Male,29.46.163.249
656,Adelaida,Pail,apaili7@paypal.com,Female,11.193.178.145
657,Chrisy,Daykin,cdaykini8@npr.org,Male,44.34.16.149
658,Forster,Halsho,fhalshoi9@zdnet.com,Male,141.153.122.188
659,Joline,Swinyard,jswinyardia@ucsd.edu,Female,218.69.35.211
660,Michail,Lodemann,mlodemannib@wired.com,Male,221.130.212.199
661,Marcela,Buckmaster,mbuckmasteric@slashdot.org,Female,189.197.28.213
662,Clarke,Twigley,ctwigleyid@tumblr.com,Male,237.109.235.64
663,Waite,Baudains,wbaudainsie@cpanel.net,Male,250.43.195.151
664,Melonie,Rosenbush,mrosenbushif@tinypic.com,Female,222.187.41.72
665,Mort,O'Geaney,mogeaneyig@intel.com,Male,190.0.14.9
666,Radcliffe,Kingzeth,rkingzethih@samsung.com,Male,202.237.178.59
667,Hansiain,Reignard,hreignardii@wiley.com,Male,35.226.4.45
668,Deena,Azemar,dazemarij@reference.com,Female,189.161.166.142
669,Piggy,Gilligan,pgilliganik@squarespace.com,Male,254.93.191.252
670,Zak,Harrell,zharrellil@walmart.com,Male,60.105.82.150
671,Suzette,Jessel,sjesselim@usgs.gov,Female,212.47.16.159
672,Roana,Snashall,rsnashallin@merriam-webster.com,Female,180.247.127.178
673,Walker,Heustice,wheusticeio@economist.com,Male,83.98.18.140
674,Boonie,Germon,bgermonip@hexun.com,Male,177.137.30.143
675,Fayina,Oxer,foxeriq@hugedomains.com,Female,209.48.146.189
676,Alejandrina,Layman,alaymanir@apple.com,Female,42.114.34.248
677,Rriocard,Franzonello,rfranzonellois@oracle.com,Male,171.92.176.198
678,Sheree,Bransgrove,sbransgroveit@icq.com,Female,113.160.89.149
679,Tanhya,Gunney,tgunneyiu@theguardian.com,Female,17.251.80.159
680,Jammal,Thieme,jthiemeiv@squarespace.com,Male,197.249.181.221
681,Elisabet,Tyrwhitt,etyrwhittiw@dyndns.org,Female,122.169.69.15
682,Hilary,Bendell,hbendellix@mlb.com,Male,78.185.214.112
683,Evie,Brockington,ebrockingtoniy@tripod.com,Female,156.66.176.118
684,Dotti,Valadez,dvaladeziz@simplemachines.org,Female,124.52.236.204
685,Marcelle,Taree,mtareej0@privacy.gov.au,Female,154.167.88.76
686,Biron,Berthomieu,bberthomieuj1@multiply.com,Male,114.3.79.227
687,Lorenza,Topliss,ltoplissj2@netvibes.com,Female,169.42.40.183
688,Perry,Dullard,pdullardj3@accuweather.com,Female,136.51.177.52
689,Matti,Lightwing,mlightwingj4@utexas.edu,Female,238.55.69.220
690,Erny,Milbourn,emilbournj5@omniture.com,Male,135.10.150.233
691,Goldina,Collimore,gcollimorej6@techcrunch.com,Female,130.15.237.93
692,Lishe,Aggio,laggioj7@mozilla.com,Female,134.154.28.23
693,Allis,Turrill,aturrillj8@dedecms.com,Female,52.52.90.106
694,Mead,Schustl,mschustlj9@netscape.com,Male,243.161.73.64
695,Carmine,Vaudin,cvaudinja@slate.com,Female,129.41.32.1
696,Charmane,Mattersley,cmattersleyjb@canalblog.com,Female,115.13.20.0
697,Jobey,Kershow,jkershowjc@icq.com,Female,10.237.2.74
698,Jeniffer,Gribbin,jgribbinjd@chronoengine.com,Female,251.28.110.149
699,Stevana,Mollen,smollenje@is.gd,Female,52.126.238.182
700,Lyle,Treslove,ltreslovejf@indiegogo.com,Male,14.50.117.73
701,Thia,Fulton,tfultonjg@ocn.ne.jp,Female,109.203.121.109
702,Windy,Novis,wnovisjh@msu.edu,Female,74.133.193.197
703,Dagny,Wrassell,dwrassellji@loc.gov,Male,81.73.114.153
704,Toby,Fishleigh,tfishleighjj@howstuffworks.com,Female,72.228.100.6
705,Karol,Madill,kmadilljk@phoca.cz,Female,215.111.23.11
706,Kristin,Bernardotte,kbernardottejl@4shared.com,Female,208.77.215.13
707,Christiano,Edelmann,cedelmannjm@narod.ru,Male,31.177.22.195
708,Heath,Winship,hwinshipjn@wikispaces.com,Female,239.142.148.158
709,Etienne,Labbati,elabbatijo@wiley.com,Male,191.88.150.193
710,Roldan,Sanney,rsanneyjp@oaic.gov.au,Male,55.71.152.102
711,Yale,Lethbury,ylethburyjq@paypal.com,Male,160.175.226.38
712,See,Hargrove,shargrovejr@sciencedirect.com,Male,50.1.195.116
713,Chloe,Trouel,ctroueljs@studiopress.com,Female,90.128.8.119
714,Laney,Finker,lfinkerjt@miitbeian.gov.cn,Male,125.162.169.26
715,Lucy,Handes,lhandesju@unc.edu,Female,210.41.1.61
716,Desiree,Swanborrow,dswanborrowjv@alexa.com,Female,134.120.33.130
717,Jamil,Batchelor,jbatchelorjw@hc360.com,Male,200.207.102.33
718,Robb,Russo,rrussojx@sciencedaily.com,Male,20.108.211.104
719,Debor,Newcomb,dnewcombjy@redcross.org,Female,90.82.222.109
720,Caty,Mebs,cmebsjz@scribd.com,Female,163.237.28.76
721,Artemus,Schulter,aschulterk0@java.com,Male,195.39.81.49
722,Gradey,Syncke,gsynckek1@google.es,Male,211.83.190.141
723,Valera,Bambra,vbambrak2@macromedia.com,Female,25.2.158.76
724,Berkly,Yarrington,byarringtonk3@dailymotion.com,Male,28.238.88.160
725,Lewes,Pumfrett,lpumfrettk4@amazon.co.jp,Male,239.75.10.166
726,Rosetta,Bevens,rbevensk5@nifty.com,Female,203.64.34.131
727,Durward,Rymour,drymourk6@chicagotribune.com,Male,127.94.117.232
728,Agosto,Shrimpling,ashrimplingk7@bigcartel.com,Male,85.73.246.168
729,Darcee,Meriguet,dmeriguetk8@zdnet.com,Female,150.16.108.112
730,Kendre,Emson,kemsonk9@twitpic.com,Female,174.2.189.40
731,Lannie,Hagland,lhaglandka@arizona.edu,Male,148.243.157.6
732,Shelden,Atlee,satleekb@prlog.org,Male,29.212.19.214
733,Basilio,Fost,bfostkc@smugmug.com,Male,72.210.115.3
734,Crista,Varker,cvarkerkd@google.es,Female,62.86.210.32
735,Jedd,Jaggard,jjaggardke@globo.com,Male,8.0.255.250
736,Aprilette,Hyder,ahyderkf@phpbb.com,Female,200.243.60.83
737,Laurette,O'Mullally,lomullallykg@phpbb.com,Female,37.176.231.228
738,Benton,Crates,bcrateskh@digg.com,Male,175.76.213.252
739,Carol-jean,Spurge,cspurgeki@tinyurl.com,Female,47.169.67.120
740,Lothaire,Ferriday,lferridaykj@mapy.cz,Male,128.55.67.147
741,Maritsa,Fisbburne,mfisbburnekk@ning.com,Female,91.213.231.55
742,Robinett,Van der Baaren,rvanderbaarenkl@histats.com,Female,8.165.236.94
743,Tobias,Noar,tnoarkm@vkontakte.ru,Male,72.146.36.143
744,Anderea,Thalmann,athalmannkn@bing.com,Female,119.71.163.94
745,Isador,Busch,ibuschko@cmu.edu,Male,88.155.101.25
746,Cristabel,Coutts,ccouttskp@blinklist.com,Female,243.250.88.33
747,Ward,Woodgate,wwoodgatekq@ezinearticles.com,Male,242.191.214.174
748,Findley,Hayes,fhayeskr@virginia.edu,Male,77.41.48.196
749,Marlene,Fulford,mfulfordks@hibu.com,Female,227.93.72.137
750,Zollie,Cadogan,zcadogankt@auda.org.au,Male,183.1.27.98
751,Barbra,Tregenna,btregennaku@tmall.com,Female,231.228.139.30
752,Boyce,Hebblethwaite,bhebblethwaitekv@abc.net.au,Male,174.158.244.222
753,Fields,Colebourne,fcolebournekw@fda.gov,Male,241.125.170.98
754,Natka,Bazoge,nbazogekx@jugem.jp,Female,108.254.187.58
755,Constanta,Belchamp,cbelchampky@cdbaby.com,Female,83.96.183.184
756,Wald,Whether,wwhetherkz@wufoo.com,Male,5.96.223.208
757,Pierre,Totterdill,ptotterdilll0@archive.org,Male,147.71.141.75
758,Robbyn,Allam,rallaml1@storify.com,Female,67.203.116.128
759,Kathlin,Strotone,kstrotonel2@wired.com,Female,133.197.105.212
760,Gonzalo,Walthall,gwalthalll3@bloomberg.com,Male,58.183.237.13
761,Roze,Nacci,rnaccil4@bloglovin.com,Female,32.178.65.229
762,Courtney,Entwisle,centwislel5@pagesperso-orange.fr,Male,122.254.235.173
763,Pierson,Gowar,pgowarl6@github.io,Male,62.186.65.174
764,Morganne,Gendrich,mgendrichl7@uiuc.edu,Female,81.0.178.218
765,Joete,Houseago,jhouseagol8@ifeng.com,Female,163.140.107.233
766,Eleanor,Oxenden,eoxendenl9@163.com,Female,234.176.185.101
767,Woodman,Lloyd,wlloydla@irs.gov,Male,199.132.144.203
768,Veriee,Timothy,vtimothylb@friendfeed.com,Female,48.205.11.164
769,Corenda,Stansall,cstansalllc@mozilla.org,Female,37.243.240.145
770,Hamlen,Cronchey,hcroncheyld@e-recht24.de,Male,101.16.76.45
771,Bennie,Testro,btestrole@etsy.com,Male,153.233.237.97
772,Dominique,Caig,dcaiglf@yahoo.com,Male,2.34.37.140
773,Kaine,Catterick,kcattericklg@51.la,Male,128.90.64.194
774,Denyse,Ruusa,druusalh@bbb.org,Female,1.115.29.166
775,Nealson,Kleinplac,nkleinplacli@webeden.co.uk,Male,178.224.169.160
776,Ora,Blore,oblorelj@google.cn,Female,126.229.233.201
777,Andie,Annandale,aannandalelk@booking.com,Male,246.3.190.183
778,Richie,Shawdforth,rshawdforthll@bing.com,Male,109.110.201.216
779,Tadeo,Whittenbury,twhittenburylm@csmonitor.com,Male,199.96.47.114
780,Marcus,Freeberne,mfreeberneln@shareasale.com,Male,11.92.33.140
781,Orran,Follitt,ofollittlo@merriam-webster.com,Male,246.125.142.91
782,Kerby,Rapin,krapinlp@shutterfly.com,Male,45.216.249.139
783,Avictor,Cettell,acettelllq@cafepress.com,Male,89.175.24.34
784,Kent,Antonoczyk,kantonoczyklr@hao123.com,Male,183.252.247.48
785,Tish,Allmen,tallmenls@mit.edu,Female,180.6.84.146
786,Courtney,Goroni,cgoronilt@dell.com,Male,28.237.101.111
787,Kathryne,Huddy,khuddylu@sourceforge.net,Female,133.188.16.35
788,Al,Preece,apreecelv@e-recht24.de,Male,90.104.134.46
789,Nixie,Warcop,nwarcoplw@friendfeed.com,Female,229.20.42.83
790,Salomo,Bethel,sbethellx@army.mil,Male,151.17.99.196
791,Emory,Cristofari,ecristofarily@army.mil,Male,132.77.227.32
792,Vivyanne,Doubleday,vdoubledaylz@nytimes.com,Female,116.56.16.145
793,Ban,Embury,bemburym0@cisco.com,Male,162.80.198.57
794,Camala,Vennard,cvennardm1@goo.gl,Female,62.171.29.114
795,Geri,Lotherington,glotheringtonm2@npr.org,Male,141.5.199.45
796,Felic,O'Dee,fodeem3@ameblo.jp,Male,140.251.210.28
797,Derry,Deinhardt,ddeinhardtm4@woothemes.com,Male,43.38.93.12
798,Gaylord,Woodyer,gwoodyerm5@amazon.com,Male,0.242.29.143
799,Inglis,Greder,igrederm6@dropbox.com,Male,155.167.25.65
800,Zedekiah,Labdon,zlabdonm7@cyberchimps.com,Male,130.178.199.236
801,Amelia,Conyers,aconyersm8@istockphoto.com,Female,71.42.3.244
802,Raynard,Julien,rjulienm9@webnode.com,Male,43.34.30.122
803,Genny,Mintram,gmintramma@youku.com,Female,204.174.66.152
804,Dannie,Gillis,dgillismb@un.org,Male,167.20.108.151
805,Timmie,Da Costa,tdacostamc@ycombinator.com,Male,199.57.0.97
806,Dill,Burghill,dburghillmd@ebay.co.uk,Male,65.231.125.97
807,Oswald,Christofor,ochristoforme@census.gov,Male,194.155.29.30
808,Madelene,Probbing,mprobbingmf@homestead.com,Female,224.1.236.183
809,Kiley,Kuna,kkunamg@spiegel.de,Male,232.137.5.47
810,Thomas,O'Brogan,tobroganmh@marriott.com,Male,209.82.220.17
811,Gretal,Cheevers,gcheeversmi@europa.eu,Female,39.123.232.118
812,Flori,Hawkett,fhawkettmj@zdnet.com,Female,121.2.175.139
813,Demetris,Prinn,dprinnmk@histats.com,Female,90.40.248.8
814,Anstice,Sayse,asayseml@newsvine.com,Female,175.19.183.88
815,Matti,Kleinber,mkleinbermm@senate.gov,Female,222.96.8.101
816,Georgeanna,Mussard,gmussardmn@tinyurl.com,Female,25.200.250.183
817,Erskine,Garmans,egarmansmo@va.gov,Male,182.151.31.147
818,Lemmy,Fluck,lfluckmp@ycombinator.com,Male,189.115.89.66
819,Roldan,Peckitt,rpeckittmq@java.com,Male,102.59.135.147
820,Martelle,Rowat,mrowatmr@pen.io,Female,172.131.163.161
821,Berni,Martinovic,bmartinovicms@cargocollective.com,Female,62.88.236.177
822,Linn,Matyushenko,lmatyushenkomt@un.org,Male,63.234.28.208
823,Sergei,Leafe,sleafemu@geocities.com,Male,220.190.100.46
824,Sapphire,Strang,sstrangmv@mediafire.com,Female,143.186.223.138
825,Wilhelm,Blackmuir,wblackmuirmw@issuu.com,Male,9.148.1.117
826,Whitaker,Colquite,wcolquitemx@virginia.edu,Male,171.249.123.20
827,Pail,Groger,pgrogermy@wp.com,Male,180.93.26.87
828,Delores,Kerner,dkernermz@issuu.com,Female,209.83.180.44
829,Sadella,Goggin,sgogginn0@blinklist.com,Female,182.44.40.102
830,Sunny,Kingscote,skingscoten1@sakura.ne.jp,Female,134.4.141.140
831,Farris,Lunk,flunkn2@ocn.ne.jp,Male,54.131.247.254
832,Melvyn,Purchon,mpurchonn3@yellowpages.com,Male,17.150.48.114
833,Beltran,Murrhardt,bmurrhardtn4@jalbum.net,Male,169.247.12.120
834,Willie,Mateev,wmateevn5@51.la,Male,233.132.89.25
835,Ferdie,Coxall,fcoxalln6@seattletimes.com,Male,37.161.48.172
836,Orbadiah,Bleything,obleythingn7@home.pl,Male,203.236.128.158
837,Oneida,Cawdron,ocawdronn8@wikia.com,Female,57.126.24.158
838,Sherlock,Castro,scastron9@clickbank.net,Male,104.114.169.110
839,Obie,Blackaller,oblackallerna@webnode.com,Male,229.104.26.177
840,Yancey,Spincke,yspinckenb@google.ru,Male,71.124.84.128
841,Cati,Treversh,ctrevershnc@china.com.cn,Female,15.120.128.8
842,Gayle,Boyland,gboylandnd@bloglovin.com,Male,124.247.249.144
843,Stillman,Honatsch,shonatschne@ucoz.ru,Male,9.221.103.231
844,Lynette,Gethyn,lgethynnf@linkedin.com,Female,77.119.184.147
845,Marianna,Keene,mkeeneng@salon.com,Female,224.130.78.188
846,Erhard,Beuscher,ebeuschernh@mozilla.com,Male,254.160.238.143
847,Teresina,Dibdall,tdibdallni@linkedin.com,Female,120.208.167.65
848,Claudette,Joris,cjorisnj@nature.com,Female,166.193.56.70
849,Elsi,Alelsandrovich,ealelsandrovichnk@sciencedaily.com,Female,205.185.119.255
850,Mabel,Willett,mwillettnl@usa.gov,Female,112.54.175.89
851,Bertie,Bathow,bbathownm@pen.io,Female,205.181.4.136
852,Tybalt,Maylor,tmaylornn@bluehost.com,Male,12.236.254.162
853,Lezlie,Filpi,lfilpino@hibu.com,Female,255.124.34.19
854,Marylee,Surgey,msurgeynp@cnbc.com,Female,43.157.77.36
855,Claire,MacGaughie,cmacgaughienq@livejournal.com,Female,91.152.69.157
856,Kendrick,Arran,karrannr@intel.com,Male,7.64.112.195
857,Phillis,Northcliffe,pnorthcliffens@wired.com,Female,163.193.12.45
858,Honor,Ashbe,hashbent@edublogs.org,Female,83.75.204.80
859,Esteban,Beven,ebevennu@google.de,Male,181.48.55.204
860,Devinne,Booth-Jarvis,dboothjarvisnv@booking.com,Female,128.156.201.140
861,Tiebout,Detoile,tdetoilenw@princeton.edu,Male,132.14.253.171
862,Northrup,Burkin,nburkinnx@toplist.cz,Male,0.121.203.162
863,Pen,Wrate,pwrateny@weibo.com,Female,111.55.120.47
864,Priscella,Piburn,ppiburnnz@jimdo.com,Female,78.134.234.123
865,Aloise,Wharrier,awharriero0@netvibes.com,Female,50.170.171.115
866,Corey,Pepperd,cpepperdo1@newsvine.com,Female,40.176.130.252
867,Rogers,Glanvill,rglanvillo2@wordpress.com,Male,212.43.225.247
868,Colman,Moreno,cmorenoo3@parallels.com,Male,38.245.161.66
869,Claresta,Kaine,ckaineo4@xing.com,Female,74.64.242.4
870,Jilli,Alexandrou,jalexandrouo5@ca.gov,Female,21.29.43.103
871,Geoffry,Lorenc,glorenco6@elegantthemes.com,Male,222.161.36.239
872,Curran,Martinie,cmartinieo7@plala.or.jp,Male,3.206.4.125
873,Denyse,Moscrop,dmoscropo8@google.com.au,Female,111.74.196.136
874,Jeannie,McSkin,jmcskino9@oakley.com,Female,184.90.106.20
875,Wyn,Pearl,wpearloa@mozilla.org,Male,244.170.204.71
876,Zared,Petrello,zpetrelloob@cloudflare.com,Male,96.102.217.250
877,Rodger,Linnett,rlinnettoc@baidu.com,Male,194.84.247.243
878,Britt,Falkous,bfalkousod@ask.com,Female,194.167.102.39
879,Courtnay,Akrigg,cakriggoe@alexa.com,Male,24.133.94.120
880,Florenza,Stranahan,fstranahanof@feedburner.com,Female,91.157.12.123
881,Orson,Haddleston,ohaddlestonog@usa.gov,Male,218.81.20.191
882,Mordecai,Gaywood,mgaywoodoh@furl.net,Male,124.147.205.7
883,Sybila,Spering,ssperingoi@answers.com,Female,120.19.22.158
884,Nari,Bendan,nbendanoj@naver.com,Female,143.194.222.214
885,Celina,Winter,cwinterok@fema.gov,Female,135.163.122.248
886,Georas,Schermick,gschermickol@cyberchimps.com,Male,115.191.246.184
887,Tarrance,Ashby,tashbyom@jiathis.com,Male,217.18.24.139
888,Mimi,Jeppensen,mjeppensenon@yolasite.com,Female,185.16.162.153
889,Chelsy,Scotford,cscotfordoo@berkeley.edu,Female,150.6.203.35
890,Gerick,Treacy,gtreacyop@arizona.edu,Male,215.159.212.129
891,Jessalin,Clerk,jclerkoq@google.com.br,Female,55.86.138.181
892,Henrie,Goldsbrough,hgoldsbroughor@dmoz.org,Female,18.249.56.117
893,Kym,Hughs,khughsos@state.gov,Female,167.226.101.102
894,Kellsie,Spurrior,kspurriorot@youku.com,Female,165.78.175.16
895,Oren,Malimoe,omalimoeou@europa.eu,Male,153.60.124.64
896,Salomon,Samson,ssamsonov@nasa.gov,Male,81.232.156.166
897,Brion,Philipart,bphilipartow@a8.net,Male,16.174.39.235
898,Isaiah,Varian,ivarianox@nyu.edu,Male,111.223.219.224
899,Tatiania,Weatherhogg,tweatherhoggoy@1688.com,Female,51.1.219.130
900,Granville,Rosenwald,grosenwaldoz@wunderground.com,Male,127.122.4.11
901,Darrelle,Dennidge,ddennidgep0@dailymail.co.uk,Female,142.24.10.78
902,Olimpia,Rallin,orallinp1@trellian.com,Female,240.64.208.110
903,Kelci,Chart,kchartp2@ask.com,Female,170.233.129.106
904,Janet,Voas,jvoasp3@tamu.edu,Female,66.34.244.163
905,Sibella,Witherspoon,switherspoonp4@wikia.com,Female,238.95.138.71
906,Loralie,Barczewski,lbarczewskip5@wunderground.com,Female,27.7.63.34
907,Annalise,Gravells,agravellsp6@tiny.cc,Female,17.254.24.14
908,Alberto,Raddin,araddinp7@bloglines.com,Male,21.58.136.197
909,Constance,Toothill,ctoothillp8@loc.gov,Female,18.127.42.197
910,Tye,Mort,tmortp9@blogger.com,Male,171.116.72.53
911,Rubina,Davenhall,rdavenhallpa@pinterest.com,Female,196.57.186.222
912,Griz,Ruane,gruanepb@flavors.me,Male,28.49.206.41
913,Stillman,Etherington,setheringtonpc@yahoo.co.jp,Male,210.40.74.193
914,Niles,Sowersby,nsowersbypd@devhub.com,Male,151.22.51.41
915,Minette,Colston,mcolstonpe@rakuten.co.jp,Female,228.104.198.21
916,Aloin,Margrie,amargriepf@goo.ne.jp,Male,143.210.241.96
917,Gerhard,Chasemoore,gchasemoorepg@e-recht24.de,Male,22.240.22.58
918,Katti,Santoro,ksantoroph@time.com,Female,23.115.16.206
919,Shirleen,Geist,sgeistpi@reuters.com,Female,79.163.12.110
920,Brandise,Brambill,bbrambillpj@geocities.jp,Female,63.240.164.91
921,Johna,Arbuckle,jarbucklepk@arstechnica.com,Female,172.51.127.57
922,Celle,Bridger,cbridgerpl@nba.com,Female,14.83.207.103
923,Lee,Gilliard,lgilliardpm@themeforest.net,Male,95.76.126.110
924,Siouxie,Watkinson,swatkinsonpn@rediff.com,Female,44.192.149.161
925,Joete,Baynes,jbaynespo@qq.com,Female,40.174.106.32
926,Estella,Craster,ecrasterpp@blogger.com,Female,13.234.126.150
927,Angelico,Spurdon,aspurdonpq@si.edu,Male,136.194.215.137
928,Gaye,Lennarde,glennardepr@slideshare.net,Female,155.30.32.2
929,Berk,Gretton,bgrettonps@yahoo.co.jp,Male,203.154.224.176
930,Fidelity,Dunkerly,fdunkerlypt@exblog.jp,Female,199.5.30.211
931,Archibald,Keasy,akeasypu@people.com.cn,Male,246.72.225.164
932,Chrotoem,O'Garmen,cogarmenpv@samsung.com,Male,145.77.103.21
933,Rosemary,Doidge,rdoidgepw@joomla.org,Female,254.39.248.117
934,Thaddus,Maccaig,tmaccaigpx@elegantthemes.com,Male,242.129.7.169
935,Alister,Steers,asteerspy@patch.com,Male,97.202.88.116
936,Goldy,Marciek,gmarciekpz@addthis.com,Female,48.241.161.69
937,Randy,Benfell,rbenfellq0@about.me,Male,149.246.190.183
938,Sybila,Cathrae,scathraeq1@acquirethisname.com,Female,218.169.169.77
939,Siegfried,Culleford,scullefordq2@wikia.com,Male,249.7.200.194
940,Ferdinand,Ralphs,fralphsq3@ted.com,Male,132.50.75.231
941,Bary,Fitter,bfitterq4@tinypic.com,Male,54.194.184.0
942,Edith,Stanway,estanwayq5@google.de,Female,198.99.245.226
943,Tiphanie,Krabbe,tkrabbeq6@telegraph.co.uk,Female,104.244.229.127
944,Sosanna,Bocke,sbockeq7@accuweather.com,Female,228.208.91.251
945,Evangeline,Edmondson,eedmondsonq8@illinois.edu,Female,143.181.49.50
946,Millie,Ales,malesq9@uol.com.br,Female,79.71.177.5
947,Ingra,Seivwright,iseivwrightqa@slideshare.net,Male,171.181.210.127
948,Milzie,Benes,mbenesqb@gizmodo.com,Female,207.17.109.17
949,Eldon,Lumsden,elumsdenqc@dagondesign.com,Male,28.47.235.117
950,Brian,Lepere,blepereqd@apple.com,Male,188.68.107.221
951,Galvan,Cheeseman,gcheesemanqe@toplist.cz,Male,231.232.179.2
952,Gherardo,Haselhurst,ghaselhurstqf@guardian.co.uk,Male,62.164.240.47
953,Yard,Veillard,yveillardqg@liveinternet.ru,Male,140.188.196.155
954,Meredith,Nairns,mnairnsqh@hugedomains.com,Female,204.165.246.235
955,Tonnie,Megarrell,tmegarrellqi@issuu.com,Male,26.74.219.230
956,Freddy,Deavall,fdeavallqj@prlog.org,Female,200.242.183.125
957,Ashley,Kilmurray,akilmurrayqk@examiner.com,Male,238.180.129.76
958,Moria,Greiser,mgreiserql@reuters.com,Female,195.161.19.255
959,Idalia,Sandall,isandallqm@skyrock.com,Female,177.110.137.56
960,Glennie,Poll,gpollqn@ucsd.edu,Female,168.144.196.2
961,Belita,Shynn,bshynnqo@github.io,Female,5.22.210.143
962,Blakelee,Benz,bbenzqp@cbsnews.com,Female,75.140.136.123
963,Willabella,Noni,wnoniqq@engadget.com,Female,208.5.26.30
964,Griffie,Stillmann,gstillmannqr@altervista.org,Male,44.236.201.220
965,Chaim,Capstick,ccapstickqs@bigcartel.com,Male,248.243.183.117
966,Emmie,Vales,evalesqt@state.tx.us,Female,129.62.117.134
967,Neile,Bondley,nbondleyqu@bloomberg.com,Female,86.135.188.40
968,Carlo,Hadden,chaddenqv@rambler.ru,Male,255.190.106.254
969,Griswold,Stallworth,gstallworthqw@chicagotribune.com,Male,197.224.153.129
970,Abbye,Brumen,abrumenqx@senate.gov,Female,13.168.65.158
971,Wenonah,Roggieri,wroggieriqy@pen.io,Female,32.230.17.123
972,Stephana,Sirmon,ssirmonqz@imgur.com,Female,105.250.48.29
973,Darline,Ryan,dryanr0@prnewswire.com,Female,198.226.116.20
974,Granthem,Hannigan,ghanniganr1@imdb.com,Male,76.55.45.89
975,Odille,Scanterbury,oscanterburyr2@un.org,Female,168.81.153.174
976,Clio,Boutellier,cboutellierr3@naver.com,Female,72.73.65.60
977,Orv,Cameron,ocameronr4@technorati.com,Male,43.232.118.90
978,Velma,Jedrzejczyk,vjedrzejczykr5@boston.com,Female,92.43.83.19
979,Rem,Rihanek,rrihanekr6@epa.gov,Male,129.0.84.129
980,Oren,Slimings,oslimingsr7@newsvine.com,Male,193.161.81.103
981,Jarid,Guillou,jguillour8@google.ru,Male,247.23.20.199
982,Sasha,Redbourn,sredbournr9@biblegateway.com,Male,178.177.135.80
983,Glen,Phalp,gphalpra@ftc.gov,Male,77.11.70.184
984,Courtney,Folliss,cfollissrb@narod.ru,Male,255.94.88.4
985,Ernaline,McKearnen,emckearnenrc@blogs.com,Female,110.86.26.147
986,Sadella,Eakin,seakinrd@google.it,Female,54.239.166.200
987,Malvin,Siley,msileyre@taobao.com,Male,10.88.119.15
988,Alfred,Hanks,ahanksrf@deliciousdays.com,Male,231.224.239.236
989,Ulises,Titmus,utitmusrg@virginia.edu,Male,165.90.24.122
990,Cathee,Kaufman,ckaufmanrh@google.pl,Female,134.81.228.242
991,Cacilia,Craythorn,ccraythornri@whitehouse.gov,Female,64.119.40.27
992,Galen,Bogace,gbogacerj@ehow.com,Male,247.50.214.174
993,Daniella,Butterfill,dbutterfillrk@theatlantic.com,Female,130.118.128.158
994,Alanna,Burchall,aburchallrl@sakura.ne.jp,Female,19.36.97.119
995,Mycah,Simion,msimionrm@cam.ac.uk,Male,31.48.179.227
996,Wolfgang,Kingshott,wkingshottrn@pen.io,Male,89.113.126.176
997,Alicia,Jeanet,ajeanetro@washington.edu,Female,161.112.7.159
998,Hyacinthia,Cornely,hcornelyrp@blogger.com,Female,230.81.20.231
999,Ilene,Grimshaw,igrimshawrq@artisteer.com,Female,253.21.82.162
1000,Svend,Frances,sfrancesrr@sitemeter.com,Male,57.177.154.101
