id,first_name,last_name,email,gender,ip_address
1,Barry,Riches,briches0@buzzfeed.com,Female,86.47.43.34
2,Willi,Wigglesworth,wwigglesworth1@walmart.com,Male,85.93.42.222
3,Curran,Tommis,ctommis2@foxnews.com,Male,100.129.134.138
4,Kaylyn,Scollard,kscollard3@vk.com,Female,17.182.198.235
5,Tobey,Friatt,tfriatt4@telegraph.co.uk,Female,171.220.150.176
6,Emiline,Gostyke,egostyke5@intel.com,Female,224.91.143.165
7,Avie,Howard,ahoward6@spotify.com,Female,143.231.46.116
8,Andreas,Snooks,asnooks7@yellowbook.com,Male,233.12.128.188
9,Arlette,Dack,adack8@digg.com,Female,193.179.204.224
10,Bren,Arthars,barthars9@technorati.com,Female,36.195.119.40
11,Irvin,Vivash,ivivasha@constantcontact.com,Male,75.90.206.63
12,Sissie,McKall,smckallb@businessweek.com,Female,201.74.233.88
13,Ximenez,Bascombe,xbascombec@house.gov,Male,93.56.2.117
14,Jabez,O'Nolan,jonoland@nih.gov,Male,249.64.20.253
15,Dodie,Holtham,dholthame@kickstarter.com,Female,209.110.237.164
16,Saul,Ell,sellf@narod.ru,Male,128.174.156.40
17,Reynolds,Labbey,rlabbeyg@t.co,Male,204.252.127.194
18,Christoforo,Soda,csodah@drupal.org,Male,57.192.249.130
19,Lilly,Wermerling,lwermerlingi@house.gov,Female,33.213.55.0
20,Kenton,Gladden,kgladdenj@ebay.com,Male,101.118.145.116
21,Caprice,Fromont,cfromontk@china.com.cn,Female,184.45.59.137
22,Lawrence,Sterry,lsterryl@shinystat.com,Male,131.157.105.223
23,Tab,Mattingson,tmattingsonm@furl.net,Male,99.178.13.223
24,Doralynn,Gallienne,dgalliennen@php.net,Female,55.211.98.10
25,Verney,O'Fogerty,vofogertyo@lulu.com,Male,101.96.235.155
26,Peggie,Kruschev,pkruschevp@uiuc.edu,Female,71.199.84.197
27,Rodger,Planks,rplanksq@miitbeian.gov.cn,Male,198.31.216.167
28,Sanford,Larmor,slarmorr@xing.com,Male,57.62.134.85
29,Bondy,Cypler,bcyplers@weibo.com,Male,5.201.43.207
30,Fonz,Bennie,fbenniet@e-recht24.de,Male,193.249.253.27
31,Elia,Breit,ebreitu@illinois.edu,Male,2.78.77.164
32,Siegfried,Popham,spophamv@seattletimes.com,Male,130.166.203.238
33,Shepherd,Waddy,swaddyw@slashdot.org,Male,141.205.116.237
34,Wyndham,Gowman,wgowmanx@last.fm,Male,11.195.41.54
35,Tony,Widd,twiddy@icq.com,Male,247.237.187.90
36,Chico,Rooper,crooperz@51.la,Male,167.94.175.138
37,Maddy,Berrey,mberrey10@rambler.ru,Female,89.192.109.14
38,Clim,McAlees,cmcalees11@parallels.com,Male,235.162.79.116
39,Solomon,Simonaitis,ssimonaitis12@goodreads.com,Male,137.191.120.105
40,Caryn,Ridsdell,cridsdell13@google.de,Female,100.196.220.106
41,Heath,Thody,hthody14@amazon.co.uk,Male,46.93.152.171
42,Avis,Larmor,alarmor15@cyberchimps.com,Female,208.251.36.12
43,Izabel,Gallie,igallie16@baidu.com,Female,251.105.157.68
44,Warner,Deppe,wdeppe17@opensource.org,Male,233.161.116.143
45,Gil,Nutbeam,gnutbeam18@ox.ac.uk,Male,242.91.185.31
46,West,Dicey,wdicey19@theguardian.com,Male,83.119.120.201
47,Nellie,Blundel,nblundel1a@vk.com,Female,203.182.54.56
48,Chad,Willoughby,cwilloughby1b@princeton.edu,Male,220.5.185.238
49,Meggi,Gribbin,mgribbin1c@wisc.edu,Female,180.144.152.47
50,Corina,Bedingfield,cbedingfield1d@dailymail.co.uk,Female,83.155.40.34
51,Moreen,Starcks,mstarcks1e@latimes.com,Female,92.205.12.229
52,Viole,Orwin,vorwin1f@tripadvisor.com,Female,224.124.204.237
53,Alfreda,Jukes,ajukes1g@bluehost.com,Female,114.94.5.109
54,Robbyn,Bussons,rbussons1h@reference.com,Female,180.55.41.142
55,Mylo,Fouldes,mfouldes1i@parallels.com,Male,183.23.92.247
56,Ludvig,Giovanni,lgiovanni1j@amazon.de,Male,36.34.180.4
57,Mollie,Edgcumbe,medgcumbe1k@npr.org,Female,62.132.142.215
58,Saul,Doldon,sdoldon1l@nhs.uk,Male,220.95.226.50
59,Eduard,Boriston,eboriston1m@spiegel.de,Male,191.20.8.39
60,Hermy,Durman,hdurman1n@etsy.com,Male,89.145.108.183
61,Constantina,Doiley,cdoiley1o@shutterfly.com,Female,156.68.137.86
62,Sheelah,Hise,shise1p@google.co.jp,Female,177.117.236.119
63,Ardenia,Bengtsen,abengtsen1q@statcounter.com,Female,158.116.130.78
64,Sherilyn,de Clercq,sdeclercq1r@booking.com,Female,159.96.180.92
65,Darnell,Stanyon,dstanyon1s@google.de,Male,234.142.206.208
66,Magdalena,Van den Bosch,mvandenbosch1t@google.com.au,Female,64.156.196.231
67,Jodi,Daouse,jdaouse1u@canalblog.com,Male,100.17.185.63
68,Clerkclaude,Birkby,cbirkby1v@usa.gov,Male,157.72.156.166
69,Morgen,Tissell,mtissell1w@hubpages.com,Female,129.120.45.156
70,Kalindi,Abrahim,kabrahim1x@freewebs.com,Female,15.10.250.35
71,Isaak,Alkin,ialkin1y@canalblog.com,Male,19.53.201.77
72,Serene,Traise,straise1z@whitehouse.gov,Female,60.175.117.115
73,Jemimah,Roskell,jroskell20@nifty.com,Female,26.82.243.82
74,Michal,Bifield,mbifield21@phpbb.com,Female,151.165.205.138
75,Elset,Hubbocks,ehubbocks22@oracle.com,Female,43.225.210.109
76,Emlynn,Rames,erames23@webeden.co.uk,Female,198.138.238.76
77,Liam,Wittman,lwittman24@cdbaby.com,Male,166.234.58.28
78,Mady,Pedican,mpedican25@reuters.com,Female,186.23.215.124
79,Mag,Heigl,mheigl26@ca.gov,Female,123.124.80.231
80,Luz,Tomala,ltomala27@google.co.jp,Female,133.76.38.159
81,Donall,Rickeard,drickeard28@ifeng.com,Male,172.169.210.223
82,Alfonse,Wilsone,awilsone29@webeden.co.uk,Male,91.42.186.138
83,Cesar,De Marchi,cdemarchi2a@ucoz.ru,Male,204.111.83.132
84,Saw,Reely,sreely2b@example.com,Male,48.5.106.122
85,Fernando,Drife,fdrife2c@army.mil,Male,1.103.149.182
86,Jordan,Grant,jgrant2d@comcast.net,Male,221.126.60.31
87,Laura,Georgel,lgeorgel2e@amazon.de,Female,45.47.202.169
88,Barrie,Provis,bprovis2f@biblegateway.com,Female,37.127.107.131
89,Cazzie,Denslow,cdenslow2g@freewebs.com,Male,229.80.195.212
90,Klarika,Pirdue,kpirdue2h@ebay.com,Female,103.17.98.101
91,Aaren,Earland,aearland2i@blogtalkradio.com,Female,23.188.76.242
92,Neron,Howorth,nhoworth2j@issuu.com,Male,86.96.89.73
93,Colette,Bibby,cbibby2k@cornell.edu,Female,68.137.71.121
94,Ninette,Fruin,nfruin2l@earthlink.net,Female,252.159.203.89
95,Gwennie,Housaman,ghousaman2m@infoseek.co.jp,Female,99.120.49.161
96,Codi,Lewin,clewin2n@xing.com,Female,236.122.34.225
97,Hazel,Fahrenbach,hfahrenbach2o@youku.com,Female,155.124.82.214
98,Danit,Thomasen,dthomasen2p@tinyurl.com,Female,240.163.46.139
99,Hilario,Luke,hluke2q@newsvine.com,Male,241.236.243.13
100,Trista,Pearton,tpearton2r@gizmodo.com,Female,48.45.56.172
